{"cameraMode":{"drawMode":0,"name":"Shaded","section":"Shading Mode"},"sceneLighting":false,"audioPlay":false,"sceneViewState":{"showFog":true,"showMaterialUpdate":true,"showSkybox":true,"showFlares":true,"showImageEffects":true,"showParticleSystems":true},"in2DMode":false,"pivot":{"x":17.69171905517578,"y":17.095319747924806,"z":-13.256338119506836},"rotation":{"x":-0.05240648239850998,"y":-0.9217931628227234,"z":0.35997241735458376,"w":-0.13423945009708405},"size":99.02880859375,"orthographic":false}