{"cameraMode":{"drawMode":0,"name":"Shaded","section":"Shading Mode"},"sceneLighting":false,"audioPlay":false,"sceneViewState":{"showFog":true,"showMaterialUpdate":true,"showSkybox":true,"showFlares":true,"showImageEffects":true,"showParticleSystems":true},"in2DMode":false,"pivot":{"x":-4.134284019470215,"y":5.873571872711182,"z":-7.679054260253906},"rotation":{"x":-0.2268422544002533,"y":0.5858431458473206,"z":-0.17521589994430543,"w":-0.7580868601799011},"size":65.95478057861328,"orthographic":false}