{"cameraMode":{"drawMode":0,"name":"Shaded","section":"Shading Mode"},"sceneLighting":false,"audioPlay":false,"sceneViewState":{"showFog":true,"showMaterialUpdate":true,"showSkybox":true,"showFlares":true,"showImageEffects":true,"showParticleSystems":true},"in2DMode":false,"pivot":{"x":-0.5144414901733398,"y":6.882300853729248,"z":23.732192993164064},"rotation":{"x":-0.02283332869410515,"y":-0.9306292533874512,"z":0.05899437516927719,"w":-0.3605365455150604},"size":19.63762092590332,"orthographic":false}