{"cameraMode":{"drawMode":0,"name":"Shaded","section":"Shading Mode"},"sceneLighting":false,"audioPlay":false,"sceneViewState":{"showFog":true,"showMaterialUpdate":true,"showSkybox":true,"showFlares":true,"showImageEffects":true,"showParticleSystems":true},"in2DMode":false,"pivot":{"x":17.69171905517578,"y":17.095319747924806,"z":-13.256338119506836},"rotation":{"x":-0.09712101519107819,"y":-0.695449709892273,"z":0.09573944658041,"w":-0.7055496573448181},"size":99.02880859375,"orthographic":false}