{"cameraMode":{"drawMode":0,"name":"Shaded","section":"Shading Mode"},"sceneLighting":false,"audioPlay":false,"sceneViewState":{"showFog":true,"showMaterialUpdate":true,"showSkybox":true,"showFlares":true,"showImageEffects":true,"showParticleSystems":true},"in2DMode":false,"pivot":{"x":0.700351357460022,"y":2.375518560409546,"z":23.153839111328126},"rotation":{"x":-0.007478079292923212,"y":-0.9869009256362915,"z":0.15400448441505433,"w":-0.04800957441329956},"size":33.66681671142578,"orthographic":false}